PDB_ID,MHC_class,TCR_name,MHC_name,Species,Epitope,TRAV_gene,TRBV_gene,Docking_Angle,Incident_Angle,BSA,Sc,Atlas_count
1AO7,CLASSI,A6,HLA-A*02:01,Human,LLFGYPVYV,TRAV12-2,TRBV6-5,33.5,11.0,1964.0,0.64,199
1BD2,CLASSI,B7,HLA-A*02:01,Human,LLFGYPVYV,TRAV29/DV5,TRBV6-5,48.5,11.8,1871.4,0.64,22
1FO0,CLASSI,BM3.3,H2-Kb,Mouse,INFDFNTI,TRAV16,TRBV1,41.3,12.4,1375.0,0.6,2
1G6R,CLASSI,2C,H2-Kb,Mouse,SIYRYYGL,TRAV9-4,TRBV13-2,22.5,8.5,1847.1,0.49,4
1KJ2,CLASSI,KB5-C20,H2-Kb,Mouse,KVITFIDL,TRAV14-1,TRBV1,30.6,6.1,1821.1,0.56,0
1LP9,CLASSI,AHIII,HLA-A*02:01,Mouse,ALWGFFPVL,TRAV12D-2,TRBV13-3,67.3,2.1,1979.8,0.71,1
1MI5,CLASSI,LC13,HLA-B*08:01,Human,FLRGRAYGL,TRAV26-2,TRBV7-8,42.3,12.0,2235.4,0.61,49
1MWA,CLASSI,2C,H2-Kbm3,Mouse,EQYKFYSV,TRAV9-4,TRBV13-2,22.5,8.7,2020.2,0.62,1
1NAM,CLASSI,BM3.3,H2-Kb,Mouse,RGYVYQGL,TRAV16,TRBV1,40.0,11.6,1612.9,0.6,1
1OGA,CLASSI,JM22,HLA-A*02:01,Human,GILGFVFTL,TRAV27,TRBV19,61.9,7.5,1564.3,0.63,0
1QRN,CLASSI,A6,HLA-A*02:01,Human,LLFGYAVYV,TRAV12-2,TRBV6-5,32.4,11.1,1974.0,0.61,1
1QSE,CLASSI,A6,HLA-A*02:01,Human,LLFGYPRYV,TRAV12-2,TRBV6-5,35.8,12.5,1984.0,0.66,1
1QSF,CLASSI,A6,HLA-A*02:01,Human,LLFGYPVAV,TRAV12-2,TRBV6-5,34.1,13.1,1817.2,0.61,1
2AK4,CLASSI,SB27,HLA-B*35:05,Human,LPEPLPQGQLTAY,TRAV19,TRBV6-1,70.2,8.5,1848.9,0.72,54
2BNQ,CLASSI,1G4,HLA-A*02:01,Human,SLLMWITQV,TRAV21,TRBV6-5,69.3,15.2,2082.5,0.75,1
2BNR,CLASSI,1G4,HLA-A*02:01,Human,SLLMWITQC,TRAV21,TRBV6-5,69.4,15.5,2077.7,0.72,41
2E7L,CLASSI,2C*,H2-Ld,Mouse,QLSPFPFDL,TRAV9-4,TRBV13-2,44.6,6.5,1868.2,0.68,0
2ESV,CLASSI,KK50.4,HLA-E,Human,VMAPRTLIL,TRAV26-1,TRBV14,38.9,6.3,1998.7,0.68,9
2F53,CLASSI,1G4*,HLA-A*02:01,Human,SLLMWITQC,TRAV21,TRBV6-5,65.9,16.5,1938.6,0.77,1
2F54,CLASSI,1G4*,HLA-A*02:01,Human,SLLMWITQC,TRAV21,TRBV6-5,66.6,16.0,2079.0,0.72,9
2GJ6,CLASSI,A6,HLA-A*02:01,Human,LLFGKPVYV,TRAV12-2,TRBV6-5,34.8,11.0,1911.8,0.72,0
2J8U,CLASSI,AHIII,HLA-A*02:01*,Mouse,ALWGFFPVL,TRAV12D-2,TRBV13-3,68.1,2.1,2004.0,0.54,0
2JCC,CLASSI,AHIII,HLA-A*02:01*,Mouse,ALWGFFPVL,TRAV12D-2,TRBV13-3,67.0,1.7,1947.0,0.67,0
2NX5,CLASSI,ELS4,HLA-B*35:01,Human,EPLPQGQLTAY,TRAV1-2,TRBV10-3,55.6,6.7,2108.2,0.68,0
2OI9,CLASSI,2C,H2-Ld,Mouse,QLSPFPFDL,TRAV9-4,TRBV13-2,47.9,8.1,1715.1,0.72,1
2OL3,CLASSI,BM3.3,H2-Kbm8,Mouse,SQYYYNSL,TRAV16,TRBV1,42.3,14.2,1536.5,0.61,2
2P5E,CLASSI,1G4*,HLA-A*02:01,Human,SLLMWITQC,TRAV21,TRBV6-5,66.3,17.0,2073.7,0.76,1
2P5W,CLASSI,1G4*,HLA-A*02:01,Human,SLLMWITQC,TRAV21,TRBV6-5,65.7,16.8,2073.8,0.78,1
2PYE,CLASSI,1G4*,HLA-A*02:01,Human,SLLMWITQC,TRAV21,TRBV6-5,65.4,16.5,1912.4,0.75,0
2UWE,CLASSI,AHIII,HLA-A*02:01*,Mouse,ALWGFFPVL,TRAV12D-2,TRBV13-3,67.7,1.0,1980.0,0.71,0
2VLJ,CLASSI,JM22,HLA-A*02:01,Human,GILGFVFTL,TRAV27,TRBV19,60.6,4.4,1507.3,0.6,23
2VLK,CLASSI,JM22,HLA-A*02:01,Human,GILGFVFTL,TRAV27,TRBV19,61.5,4.2,1582.4,0.61,0
2VLR,CLASSI,JM22*,HLA-A*02:01,Human,GILGFVFTL,TRAV27,TRBV19,60.6,5.2,1591.1,0.62,1
2YPL,CLASSI,AGA,HLA-B*57:01,Human,KAFSPEVIPMF,TRAV5,TRBV19,26.7,3.0,1518.3,0.81,0
3D39,CLASSI,A6,HLA-A*02:01,Human,LLFGFPVYV,TRAV12-2,TRBV6-5,35.4,12.4,1754.9,0.71,0
3D3V,CLASSI,A6,HLA-A*02:01,Human,LLFGFPVYV,TRAV12-2,TRBV6-5,34.7,11.8,1770.7,0.76,0
3DXA,CLASSI,DM1,HLA-B*44:05,Human,EENLLDFVRF,TRAV26-1,TRBV7-9,57.3,8.6,2043.9,0.59,4
3E2H,CLASSI,2C*,H2-Ld,Mouse,QLSPFPFDL,TRAV9-4,TRBV13-2,46.1,8.6,1766.6,0.59,1
3E3Q,CLASSI,2C*,H2-Ld,Mouse,QLSPFPFDL,TRAV9-4,TRBV13-2,44.5,7.7,1665.3,0.68,1
3FFC,CLASSI,CF34,HLA-B*08:01,Human,FLRGRAYGL,TRAV14/DV4,TRBV11-2,27.5,3.6,2134.7,0.65,5
3GSN,CLASSI,RA14,HLA-A*02:01,Human,NLVPMVATV,TRAV24,TRBV6-5,39.0,12.3,1861.0,0.63,10
3H9S,CLASSI,A6,HLA-A*02:01,Human,MLWGYLQYV,TRAV12-2,TRBV6-5,35.3,14.3,1858.9,0.64,2
3HG1,CLASSI,MEL5,HLA-A*02:01,Human,ELAGIGILTV,TRAV12-2,TRBV30,47.6,9.5,2000.3,0.61,6
3KPR,CLASSI,LC13,HLA-B*44:05,Human,EEYLKAWTF,TRAV26-2,TRBV7-8,41.1,14.0,2316.9,0.69,3
3KPS,CLASSI,LC13,HLA-B*44:05,Human,EEYLQAFTY,TRAV26-2,TRBV7-8,42.6,13.7,2279.6,0.7,3
3KXF,CLASSI,SB27,HLA-B*35:08,Human,LPEPLPQGQLTAY,TRAV19,TRBV6-1,68.9,13.1,1773.6,0.73,1
3MV7,CLASSI,TK3,HLA-B*35:01,Human,HPVGEADYFEY,TRAV20,TRBV9,41.3,11.2,1870.0,0.62,12
3MV8,CLASSI,TK3*,HLA-B*35:01,Human,HPVGEADYFEY,TRAV20,TRBV9,40.4,11.5,1883.8,0.61,1
3MV9,CLASSI,TK3*,HLA-B*35:01,Human,HPVGEADYFEY,TRAV20,TRBV9,40.2,11.1,1858.9,0.61,1
3O4L,CLASSI,AS01,HLA-A*02:01,Human,GLCTLVAML,TRAV5,TRBV20-1,45.9,3.1,2153.5,0.69,6
3PQY,CLASSI,6218,H2-Db,Mouse,SSLENFRAYV,TRAV21/DV12,TRBV29,50.3,18.8,1654.8,0.68,0
3PWP,CLASSI,A6,HLA-A*02:01,Human,LGYGFVNYI,TRAV12-2,TRBV6-5,35.5,12.5,1934.3,0.65,3
3QDG,CLASSI,DMF5,HLA-A*02:01,Human,ELAGIGILTV,TRAV12-2,TRBV6-4,33.3,5.4,2099.4,0.67,23
3QDJ,CLASSI,DMF5,HLA-A*02:01,Human,AAGIGILTV,TRAV12-2,TRBV6-4,33.0,4.9,2142.7,0.65,22
3QDM,CLASSI,DMF4,HLA-A*02:01,Human,ELAGIGILTV,TRAV35,TRBV10-3,30.4,4.5,1706.3,0.65,1
3QEQ,CLASSI,DMF4,HLA-A*02:01,Human,AAGIGILTV,TRAV35,TRBV10-3,43.8,0.3,1890.4,0.71,1
3QFJ,CLASSI,A6,HLA-A*02:01,Human,LLFGFPVYV,TRAV12-2,TRBV6-5,34.5,12.2,1943.5,0.72,1
3RGV,CLASSI,Yae62,H2-Kb,Mouse,WIYVYRPMGCGGS,TRAV6D-3,TRBV13-2,52.0,7.7,1593.0,0.57,1
3SJV,CLASSI,RL42,HLA-B*08:01,Human,FLRGRAYGL,TRAV12-1,TRBV6-2,36.7,3.7,2026.7,0.56,0
3TF7,CLASSI,42F3,H2-Ld,Mouse,QLSPFPFDL,TRAV9D-3,TRAV9D-3,50.4,23.0,1353.2,0.66,1
3TFK,CLASSI,42F3,H2-Ld,Mouse,QLSDVPMDL,TRAV9D-3,TRBV13-1,45.5,25.7,1632.7,0.63,0
3TJH,CLASSI,42F3,H2-Ld,Mouse,SPLDSLWWI,TRAV9D-3,TRBV13-1,23.7,28.7,1627.9,0.6,1
3TPU,CLASSI,42F3,H2-Ld,Mouse,FLSPFWFDI,TRAV9D-3,TRBV13-1,41.9,11.6,2179.7,0.68,1
3UTS,CLASSI,1E6,HLA-A*02:01,Human,ALWGPDPAAA,TRAV12-3,TRBV12-4,36.1,7.9,1311.9,0.74,0
3UTT,CLASSI,1E6,HLA-A*02:01,Human,ALWGPDPAAA,TRAV12-3,TRBV12-4,46.7,9.0,1391.6,0.61,2
3VXM,CLASSI,C1-28,HLA-A*24:02,Human,RFPLTFGWCF,TRAV8-3,TRBV4-1,48.8,13.6,1910.0,0.69,2
3VXR,CLASSI,H27-14,HLA-A*24:02,Human,RYPLTFGWCF,TRAV21,TRBV7-9,50.8,8.1,1896.6,0.75,3
3VXS,CLASSI,H27-14,HLA-A*24:02,Human,RYPLTLGWCF,TRAV21,TRBV7-9,53.4,6.9,1937.7,0.77,1
3VXU,CLASSI,T36-5,HLA-A*24:02,Human,RFPLTFGWCF,TRAV12-2,TRBV27,59.5,3.4,2350.3,0.66,2
4EUP,CLASSI,JKF6,HLA-A*02:01,Human,ALGIGILTV,TRAV12-2,TRBV28,31.2,13.2,1858.2,0.67,0
4FTV,CLASSI,A6_c134,HLA-A*02:01,Human,LLFGYPVYV,TRAV12-2,TRBV6-5,32.9,12.1,2097.3,0.74,1
4G8G,CLASSI,C12C,HLA-B*27:05,Human,KRWIILGLNK,TRAV14/DV4,TRBV6-5,41.2,19.8,1813.2,0.66,2
4G9F,CLASSI,C12C,HLA-B*27:05,Human,KRWIIMGLNK,TRAV14/DV4,TRBV6-5,41.6,20.5,1781.4,0.68,1
4JFD,CLASSI,a24b17,HLA-A*02:01,Human,ELAAIGILTV,TRAV12-2,TRBV30,41.9,10.5,2335.6,0.62,1
4JFE,CLASSI,a24b17,HLA-A*02:01,Human,ELAGIGALTV,TRAV12-2,TRBV30,42.0,10.3,2458.7,0.63,1
4JFF,CLASSI,a24b17,HLA-A*02:01,Human,ELAGIGILTV,TRAV12-2,TRBV30,42.2,10.8,2374.4,0.66,8
4JRX,CLASSI,CA5,HLA-B*35:05,Human,LPEPLPQGQLTAY,TRAV19,TRBV6-1,66.8,12.9,1753.7,0.78,2
4JRY,CLASSI,SB47,HLA-B*35:05,Human,LPEPLPQGQLTAY,TRAV39,TRBV5-6,62.4,24.7,1963.9,0.68,12
4L3E,CLASSI,DMF5*,HLA-A*02:01,Human,ELAGIGILTV,TRAV12-2,TRBV6-4,31.7,2.7,2202.7,0.64,8
4MJI,CLASSI,3B,HLA-B*51:01,Human,TAFTIPSI,TRAV17,TRBV7-3,43.5,3.3,2193.1,0.65,1
4MNQ,CLASSI,ILA1a1b1,HLA-A*02:01,Human,ILAKFLHWL,TRAV22,TRBV6-5,42.1,13.0,2515.9,0.58,26
4MS8,CLASSI,42F3,H2-Ld,Mouse,SPAEAGFFL,TRAV9D-3,TRBV13-1,63.6,17.1,1535.0,0.67,0
4MVB,CLASSI,42F3,H2-Ld,Mouse,QPAEGGFQL,TRAV9D-3,TRBV13-1,58.0,13.5,1638.9,0.6,0
4MXQ,CLASSI,42F3,H2-Ld,Mouse,SPAPRPLDL,TRAV9D-3,TRBV13-1,47.5,21.5,1575.3,0.59,0
4N0C,CLASSI,42F3,H2-LD,Mouse,MPAGRPWDL,TRAV9D-3,TRBV13-1,45.3,22.0,1550.6,0.61,0
4N5E,CLASSI,42F3,H2-Ld,Mouse,VPYMAEFGM,TRAV9D-3,TRBV13-1,45.2,22.0,1734.2,0.61,0
4NHU,CLASSI,2C*,H2-Ld,Mouse,GGAPWNPAMMI,TRAV9-4,TRBV13-2,93.8,18.9,1488.5,0.69,0
4PRH,CLASSI,TK3,HLA-B*35:08,Human,HPVGDADYFEY,TRAV20,TRBV9,43.2,11.4,1956.0,0.66,1
4PRI,CLASSI,TK3,HLA-B*35:05,Human,HPVGEADYFEY,TRAV20,TRBV9,41.5,12.2,1963.5,0.66,4
4PRP,CLASSI,TK3,HLA-B*35:01,Human,HPVGQADYFEY,TRAV20,TRBV9,41.3,11.7,1914.2,0.64,0
4QOK,CLASSI,MEL5,HLA-A*02:01,Human,EAAGIGILTV,TRAV12-2,TRBV30,46.9,10.1,2053.6,0.64,1
4QRP,CLASSI,DD31,HLA-B*08:01,Human,HSKKKCDEL,TRAV9-2,TRBV11-2,48.4,19.2,2160.4,0.64,6
4QRR,CLASSI,clone12,HLA-B*35:01,Human,IPSINVHHY,TRDV1,TRBV5-1,39.2,12.0,2011.0,0.6,0
5BRZ,CLASSI,MAG-IC3,HLA-A*01:01,Human,EVDPIGHLY,TRAV21,TRBV5-1,57.0,13.8,1838.7,0.61,0
5BS0,CLASSI,MAG-IC3,HLA-A*01:01,Human,ESDPIVAQY,TRAV21,TRBV5-1,57.3,13.0,1991.0,0.67,0
5C07,CLASSI,1E6,HLA-A*02:01,Human,YQFGPDFPIA,TRAV12-3,TRBV12-4,43.3,9.7,1612.2,0.58,0
5C08,CLASSI,1E6,HLA-A*02:01,Human,RQWGPDPAAV,TRAV12-3,TRBV12-4,43.6,10.6,1569.0,0.61,0
5C09,CLASSI,1E6,HLA-A*02:01,Human,YLGGPDFPTI,TRAV12-3,TRBV12-4,44.0,9.2,1501.3,0.56,0
5C0A,CLASSI,1E6,HLA-A*02:01,Human,MVWGPDPLYV,TRAV12-3,TRBV12-4,45.5,7.8,1347.1,0.67,0
5C0B,CLASSI,1E6,HLA-A*02:01,Human,RQFGPDFPTI,TRAV12-3,TRBV12-4,44.7,9.6,1658.4,0.52,0
5C0C,CLASSI,1E6,HLA-A*02:01,Human,RQFGPDWIVA,TRAV12-3,TRBV12-4,43.4,9.2,1666.8,0.58,0
5D2L,CLASSI,C7,HLA-A*02:01,Human,NLVPMVATV,TRAV24,TRBV7-2,29.0,12.8,1860.5,0.59,1
5D2N,CLASSI,C25,HLA-A*02:01,Human,NLVPMVATV,TRAV26-2,TRBV7-6,60.4,9.4,1837.7,0.69,1
5E6I,CLASSI,PF8,HLA-A*02:01,Human,GILGFVFTL,TRAV35,TRBV27,63.0,2.1,2111.4,0.51,0
5E9D,CLASSI,RD1-MART1high,HLA-A*02:01,Human,ELAGIGILTV,TRAV12-2,TRBV6-5,40.1,24.6,1383.9,0.62,0
5EU6,CLASSI,PMEL17,HLA-A*02:01,Human,YLEPGPVTV,TRAV21,TRBV7-3,47.5,10.9,1742.5,0.75,0
5EUO,CLASSI,PF6,HLA-A*02:01,Human,GILGFVFTL,TRAV27,TRBV19,64.4,2.3,1786.7,0.55,0
5HHM,CLASSI,JM22,HLA-A*02:01,Human,GILGLVFTL,TRAV27,TRBV19,63.3,4.8,1497.3,0.65,0
5HHO,CLASSI,JM22,HLA-A*02:01,Human,GILEFVFTL,TRAV27,TRBV19,63.7,4.1,1573.8,0.64,0
5HYJ,CLASSI,1E6,HLA-A*02:01,Human,AQWGPDPAAA,TRAV12-3,TRBV12-4,43.0,12.4,1589.1,0.66,0
5ISZ,CLASSI,LS01,HLA-A*02:01,Human,GILGFVFTL,TRAV24,TRBV19,55.4,6.1,1944.1,0.71,0
5IVX,CLASSI,B4.2.3,H2-Dd,Mouse,RGPGRAFVTI,TRAV14-3,TRBV29,30.2,23.8,1948.4,0.71,0
5JHD,CLASSI,LS10,HLA-A*02:01,Human,GILGFVFTL,TRAV38-2/DV8,TRBV19,47.1,9.0,2061.6,0.64,0
5JZI,CLASSI,1406,HLA-A*02:01,Human,KLVALGINAV,TRAV38-2/DV8,TRBV25-1,30.0,17.2,2116.1,0.63,0
5M00,CLASSI,P14,H2-Db,Mouse,KAVANFATM,TRAV14D-1,TRBV13-3,42.5,13.7,1619.7,0.55,0
5M01,CLASSI,P14,H2-Db,Mouse,KAPANFATM,TRAV14D-1,TRBV13-3,42.6,13.6,1692.2,0.6,0
5M02,CLASSI,P14,H2-Db,Mouse,KAPFNFATM,TRAV14D-1,TRBV13-3,41.9,12.8,1683.0,0.65,0
5MEN,CLASSI,ILA1,HLA-A*02:01,Human,ILAKFLHWL,TRAV22,TRBV6-5,39.8,13.0,2267.8,0.64,0
5NHT,CLASSI,199.54-16,HLA-A*02:01,Human,ELAGIGILTV,TRAV12-2,TRBV19,33.9,2.8,1803.1,0.67,0
5NME,CLASSI,868,HLA-A*02:01,Human,SLYNTVATL,TRAV12-2,TRBV5-6,51.6,8.0,2101.9,0.63,0
5NMF,CLASSI,868,HLA-A*02:01,Human,SLYNTIATL,TRAV12-2,TRBV5-6,50.3,9.7,2036.1,0.65,0
5NMG,CLASSI,868,HLA-A*02:01,Human,SLFNTIAVL,TRAV12-2,TRBV5-6,51.7,8.3,2025.7,0.66,0
5NQK,CLASSI,199.16,HLA-A*02:01,Human,ELAGIGILTV,TRAV12-2,TRBV19,36.1,1.6,1795.3,0.64,0
5SWS,CLASSI,NP2-B17,H2-Db,Mouse,ASNENMETM,TRAV14-1,TRBV17,127.8,48.8,1890.8,0.63,0
5SWZ,CLASSI,NP1-B17,H2-Db,Mouse,ASNENMETM,TRAV14-1,TRBV17,127.8,49.6,1927.5,0.69,0
5TEZ,CLASSI,F50,HLA-A*02:01,Human,GILGFVFTL,TRAV13-1,TRBV27,34.6,15.4,1777.4,0.62,0
5TIL,CLASSI,P14,H2-Db,Mouse,KAPYNFATM,TRAV14D-1,TRBV13-3,44.9,13.0,1647.7,0.7,0
5TJE,CLASSI,P14,H2-Db,Mouse,KAVYNFATM,TRAV14D-1,TRBV13-3,44.4,13.2,1666.5,0.66,0
5W1V,CLASSI,GF4,HLA-E,Human,VMAPRTLIL,TRAV35,TRBV9,68.8,7.1,2120.7,0.7,0
5W1W,CLASSI,GF4,HLA-E,Human,VMAPRTLVL,TRAV35,TRBV9,67.4,8.0,2105.1,0.72,0
5WKF,CLASSI,D30,HLA-A*11:01,Human,GTSGSPIVNR,TRAV30,TRBV11-2,39.1,12.1,1811.5,0.68,0
5WKH,CLASSI,D30,HLA-A*11:01,Human,GTSGSPIINR,TRAV30,TRBV11-2,38.7,13.0,1777.6,0.71,0
5WLG,CLASSI,NB1,H2-Db,Mouse,SQLLNAKYL,TRAV8-2,TRBV13-3,18.5,4.8,2143.2,0.69,0
6AM5,CLASSI,DMF5,HLA-A*02:01,Human,SMLGIGIVPV,TRAV12-2,TRBV6-4,32.2,5.6,2061.2,0.63,0
6AMU,CLASSI,DMF5,HLA-A*02:01,Human,MMWDRGLGMM,TRAV12-2,TRBV6-4,35.8,6.4,1713.8,0.72,0
6AVF,CLASSI,KFJ5,HLA-B*07:02,Human,APRGPHGGAASGL,TRAV4,TRBV28,39.5,9.7,1559.4,0.63,0
6AVG,CLASSI,KFJ37,HLA-B*07:02,Human,APRGPHGGAASGL,TRAV4,TRBV9,37.8,5.0,2322.1,0.67,0
6BJ2,CLASSI,589,HLA-B*35:01,Human,IPLTEEAEL,TRAV19,TRBV5-4,41.1,7.1,2115.4,0.58,0
6BJ3,CLASSI,55,HLA-B*35:01,Human,IPLTEEAEL,TRDV1,TRBV6-1,42.0,7.5,1899.7,0.7,0
6BJ8,CLASSI,55,HLA-B*35:01,Human,VPLTEDAEL,TRDV1,TRBV6-1,41.8,7.4,1932.2,0.72,0
6EQB,CLASSI,Mel5,HLA-A*02:01,Human,AAGIGILTV,TRAV12-2,TRBV30,42.1,10.7,2299.7,0.69,0
6MTM,CLASSI,EM2,HLA-B*37:01,Human,FEDLRVLSF,TRAV30,TRBV19,49.5,11.5,1785.4,0.69,0
6EQA,CLASSI,Mel5,HLA-A*02:01,Human,AAGIGILTV,TRAV12-2,TRBV30,47.9,8.1,1975.6,0.57,0
5YXU,CLASSI,NA,HLA-A*02:01,Human,KLVALGINAV,TRAV38-2/DV8,TRBV25-1,33.6,16.4,2072.5,0.55,0
5YXN,CLASSI,NA,HLA-A*02:01,Human,KLVALGINAV,TRAV38-2/DV8,TRBV25-1,32.0,17.7,2195.2,0.64,0
6G9Q,CLASSI,P14,H2-Db,Mouse,KAPYDYAPI,TRAV14D-1,TRBV13-3,42.0,13.6,1603.6,0.57,0
6DKP,CLASSI,DMF5,HLA-A*02:01,Human,ELAGIGILTV,TRAV12-2,TRBV6-4,31.1,2.8,2188.2,0.65,0
6D78,CLASSI,DMF5,HLA-A*02:01,Human,AAGIGILTV,TRAV12-2,TRBV6-4,31.9,1.6,2161.5,0.61,0
5XOV,CLASSI,S19-2/TU55,HLA-A*24:02,Human,RYPLTFGWCF,TRDV1,TRBV30,34.1,10.5,1823.7,0.66,0
5XOT,CLASSI,TU55/TU55,HLA-B*35:01,Human,IPLTEEAEL,TRDV1,TRBV6-1,41.1,8.6,1950.3,0.65,0
2CKB,CLASSI,2C,H2-K1,Mouse,EQYKFYSV,TRAV9-4,TRBV13-2,22.3,7.9,1980.5,0.41,0
6Q3S,CLASSI,NA,HLA-A2,Human,SLLMWITQV,TRAV21,TRBV6-5,66.7,15.8,2143.8,0.69,0
